zip,lat,lon,radius_km
90001,33.97366,-118.24904,3.64
90002,33.94899,-118.24678,3.57
90003,33.96408,-118.27368,3.73
90004,34.07622,-118.31096,3.59
90005,34.05937,-118.30896,2.99
90006,34.04809,-118.29404,3.26
90007,34.02817,-118.28483,3.42
90008,34.01072,-118.34288,3.54
90010,34.06099,-118.29988,2.57
90011,34.00709,-118.25868,3.88
90012,34.06598,-118.23864,3.73
90013,34.04469,-118.24002,2.76
90014,34.04301,-118.2519,2.5
90015,34.03931,-118.26626,3.18
90016,34.02833,-118.35434,3.72
90017,34.0531,-118.2645,2.76
90018,34.02863,-118.31735,3.57
90019,34.04984,-118.33846,3.79
90020,34.06638,-118.30983,2.96
90021,34.02904,-118.23787,3.28
90022,34.02373,-118.15627,3.91
90023,34.0225,-118.19961,3.89
90024,34.06565,-118.43528,3.57
90025,34.04542,-118.44587,3.45
90026,34.07899,-118.2638,3.82
90027,34.1276,-118.29638,4.59
90028,34.09981,-118.32684,3.12
90029,34.08987,-118.29463,3.07
90031,34.0842,-118.20857,3.7
90032,34.07829,-118.18578,3.99
90033,34.05038,-118.21199,3.64
90034,34.03058,-118.39961,3.6
90035,34.05143,-118.38577,3.37
90036,34.07029,-118.34919,3.42
90037,34.00266,-118.28751,3.54
90038,34.08802,-118.32717,3.13
90039,34.11189,-118.26103,3.73
90040,33.99452,-118.14995,4.14
90041,34.13741,-118.20761,3.72
90042,34.11471,-118.1921,3.93
90043,33.98851,-118.33636,3.84
90044,33.95265,-118.29201,4.05
90045,33.94239,-118.41606,4.98
90046,34.10781,-118.36225,4.16
90047,33.95543,-118.30957,3.97
90048,34.07288,-118.37265,3.25
90049,34.09254,-118.49106,5.51
90052,33.9783,-118.25891,2.34
90056,33.99358,-118.36884,3.36
90057,34.06173,-118.27676,2.85
90058,34.00284,-118.2164,4.18
90059,33.92747,-118.2488,3.61
90061,33.92128,-118.27419,3.5
90062,34.00349,-118.30909,3.25
90063,34.04525,-118.18578,3.65
90064,34.03531,-118.42649,3.75
90065,34.10959,-118.22869,4.13
90066,34.00203,-118.43066,3.99
90067,34.05644,-118.41369,2.6
90068,34.12418,-118.32735,4.57
90069,34.09395,-118.38153,3.33
90071,34.05238,-118.25521,2.33
90073,34.05733,-118.45953,2.67
90077,34.10802,-118.45696,4.45
90079,34.04059,-118.2554,2.09
90089,34.02154,-118.28557,2.52
90094,33.97531,-118.41871,2.77
90095,34.07118,-118.4434,2.57
90201,33.97034,-118.17137,4.22
90210,34.10052,-118.41463,4.98
90211,34.06496,-118.38298,2.76
90212,34.06216,-118.40188,2.88
90220,33.87978,-118.22968,4.39
90221,33.88581,-118.20646,4.11
90222,33.91224,-118.23761,3.49
90230,33.99786,-118.39362,3.93
90232,34.01932,-118.3919,3.34
90240,33.95573,-118.11835,3.58
90241,33.94058,-118.12947,4.01
90242,33.92179,-118.14059,3.93
90245,33.91714,-118.40155,4.1
90247,33.89177,-118.29701,3.76
90248,33.87834,-118.2841,3.98
90249,33.90139,-118.3157,3.57
90250,33.91365,-118.35095,4.36
90254,33.86426,-118.3993,3.09
90255,33.97925,-118.21744,3.75
90260,33.88853,-118.34956,3.43
90262,33.92383,-118.20135,3.98
90263,34.03928,-118.70815,2.44
90265,34.07024,-118.85104,11.57
90266,33.89179,-118.40281,3.83
90270,33.98856,-118.18769,2.99
90272,34.09257,-118.53436,6.43
90274,33.7801,-118.37241,5.14
90275,33.75313,-118.36797,5.34
90277,33.83001,-118.38712,3.72
90278,33.8736,-118.37026,3.74
90280,33.94416,-118.19276,4.47
90290,34.10775,-118.61622,5.93
90291,33.9934,-118.46519,3.43
90292,33.97608,-118.45207,3.31
90293,33.94731,-118.43984,3.5
90301,33.95646,-118.35868,3.43
90302,33.97535,-118.35609,3.26
90303,33.93629,-118.33264,3.26
90304,33.93736,-118.3588,3.16
90305,33.95813,-118.33091,3.47
90401,34.0161,-118.49245,2.79
90402,34.03467,-118.50404,3.3
90403,34.03075,-118.4921,3.08
90404,34.02665,-118.47383,3.27
90405,34.01106,-118.47215,3.51
90501,33.83374,-118.31402,4.16
90502,33.83318,-118.29206,3.36
90503,33.83946,-118.3537,4.08
90504,33.86728,-118.33164,3.91
90505,33.80788,-118.34796,4.2
90506,33.8847,-118.33,2.36
90601,34.00794,-118.03032,4.96
90602,33.97424,-118.02233,3.76
90603,33.94487,-117.99234,3.61
90604,33.92769,-118.01383,3.86
90605,33.95244,-118.0214,4.29
90606,33.97727,-118.06636,3.77
90620,33.84522,-118.01529,4.29
90621,33.87422,-117.99337,3.86
90623,33.85062,-118.03956,3.22
90630,33.81848,-118.03831,4.25
90631,33.94271,-117.95248,5.39
90638,33.90205,-118.00896,4.53
90639,33.90575,-118.01491,2.34
90640,34.01544,-118.11101,4.62
90650,33.90779,-118.08249,4.86
90660,33.98952,-118.0893,4.53
90670,33.93357,-118.06261,4.62
90680,33.80114,-117.99533,3.45
90701,33.8676,-118.08063,3.16
90703,33.86774,-118.06947,4.69
90704,33.39932,-118.43533,9.92
90706,33.88782,-118.12725,4.24
90710,33.7989,-118.30024,3.39
90712,33.84903,-118.1479,3.86
90713,33.84802,-118.11275,3.69
90715,33.84103,-118.07914,3.18
90716,33.83047,-118.07296,2.87
90717,33.79346,-118.31705,3.29
90720,33.79501,-118.06269,4.24
90723,33.89888,-118.16663,3.98
90731,33.73235,-118.27815,4.76
90732,33.73732,-118.31343,3.72
90740,33.75433,-118.07327,5.03
90742,33.72102,-118.07617,2.38
90743,33.72953,-118.09244,2.31
90744,33.77721,-118.2596,4.71
90745,33.82027,-118.26413,4.6
90746,33.85923,-118.25231,4.18
90747,33.86379,-118.25135,2.13
90755,33.80317,-118.16713,3.34
90802,33.75128,-118.20682,4.32
90803,33.75419,-118.13236,3.83
90804,33.78169,-118.14836,3.33
90805,33.86462,-118.18057,4.47
90806,33.80887,-118.17849,4.01
90807,33.8302,-118.18118,3.91
90808,33.82394,-118.11133,4.38
90810,33.81984,-118.22238,4.32
90813,33.78226,-118.19679,3.59
90814,33.77158,-118.14336,3.05
90815,33.79507,-118.11572,4.41
90822,33.77844,-118.11865,2.37
90831,33.76831,-118.20076,2.14
90840,33.78457,-118.12131,2.19
91001,34.19449,-118.13826,4.61
91006,34.13516,-118.02669,4.3
91007,34.12828,-118.04773,4.13
91008,34.15316,-117.96882,3.26
91010,34.14101,-117.95866,4.3
91011,34.21793,-118.20225,5.05
91016,34.1528,-118.00048,4.64
91020,34.21137,-118.23069,2.77
91024,34.17528,-118.04602,3.7
91030,34.10896,-118.15662,3.68
91040,34.2577,-118.33845,4.62
91042,34.3155,-118.26485,8.41
91046,34.21168,-118.24092,2.06
91101,34.14677,-118.13892,3.02
91103,34.16736,-118.16414,3.95
91104,34.16536,-118.12375,3.76
91105,34.13946,-118.16665,3.86
91106,34.1394,-118.12866,3.5
91107,34.15901,-118.08735,4.64
91108,34.12237,-118.11423,3.77
91125,34.13764,-118.12495,2.38
91201,34.17051,-118.28946,3.4
91202,34.1833,-118.26448,4.01
91203,34.15334,-118.26297,2.85
91204,34.13556,-118.26094,2.93
91205,34.13658,-118.24584,3.25
91206,34.16036,-118.21377,4.18
91207,34.16794,-118.24424,3.15
91208,34.18567,-118.2395,4.47
91210,34.14465,-118.25806,2.28
91214,34.23573,-118.24666,4.45
91301,34.12329,-118.75854,7.23
91302,34.12256,-118.66982,6.76
91303,34.19829,-118.6022,3.32
91304,34.22779,-118.64461,4.83
91306,34.20953,-118.57756,3.85
91307,34.20049,-118.66485,4.59
91311,34.2925,-118.60242,7.25
91316,34.15854,-118.5166,4.12
91320,34.17338,-118.94798,6.08
91321,34.36371,-118.48704,6.69
91324,34.23821,-118.55029,3.87
91325,34.23752,-118.51771,3.99
91326,34.28178,-118.5557,4.58
91330,34.24452,-118.52668,2.64
91331,34.25529,-118.4197,4.78
91335,34.20018,-118.54096,4.33
91340,34.28667,-118.43482,3.68
91342,34.32658,-118.38226,8.12
91343,34.2388,-118.4823,4.21
91344,34.28947,-118.5047,5.45
91345,34.26588,-118.45675,3.64
91350,34.4306,-118.50277,5.62
91351,34.43373,-118.45806,4.68
91352,34.23085,-118.36586,5.11
91354,34.45842,-118.55414,4.46
91355,34.40185,-118.57001,5.29
91356,34.155,-118.54756,4.46
91360,34.2133,-118.87413,5.56
91361,34.13728,-118.88204,6.88
91362,34.19243,-118.81949,5.96
91364,34.1548,-118.59482,4.49
91367,34.17731,-118.6157,4.48
91371,34.18501,-118.57609,2.42
91377,34.18472,-118.76652,4.11
91381,34.37322,-118.60797,7.71
91384,34.5201,-118.66828,11.24
91387,34.40252,-118.36346,8.64
91390,34.57652,-118.49276,13.42
91401,34.17848,-118.43179,3.71
91402,34.22251,-118.44469,3.75
91403,34.14776,-118.46474,3.72
91405,34.20249,-118.44805,3.67
91406,34.19745,-118.48898,4.58
91411,34.17852,-118.45963,3.27
91423,34.14949,-118.43188,3.83
91436,34.14959,-118.48971,4.07
91501,34.19353,-118.29401,3.5
91502,34.17682,-118.30932,3.05
91504,34.21301,-118.31774,4.77
91505,34.17583,-118.34754,4.1
91506,34.16971,-118.32355,3.41
91601,34.16825,-118.37229,3.47
91602,34.15082,-118.36816,3.3
91604,34.14019,-118.3946,3.98
91605,34.20734,-118.40097,4.1
91606,34.18577,-118.38832,3.66
91607,34.16578,-118.39979,3.43
91608,34.13873,-118.35086,2.7
91701,34.13783,-117.6003,4.47
91702,34.28153,-117.80009,9.32
91706,34.09741,-117.96827,5.34
91708,33.95208,-117.63978,4.58
91709,33.94297,-117.72565,8.08
91710,34.0051,-117.68252,6.26
91711,34.12807,-117.71477,5.51
91722,34.09733,-117.90671,3.84
91723,34.08475,-117.88684,3.39
91724,34.07899,-117.85441,4.27
91730,34.1004,-117.58128,5.36
91731,34.07857,-118.04346,3.77
91732,34.07241,-118.01452,3.93
91733,34.04581,-118.05376,4.36
91737,34.15524,-117.5781,4.88
91739,34.15639,-117.51694,6.84
91740,34.11937,-117.85505,4.03
91741,34.16336,-117.83412,6.1
91744,34.0313,-117.93678,4.68
91745,33.999,-117.97215,5.27
91746,34.0433,-117.98686,4.19
91748,33.97829,-117.90232,5.42
91750,34.14806,-117.76663,5.91
91752,33.99648,-117.53133,5.53
91754,34.05292,-118.14347,3.93
91755,34.05096,-118.11439,3.61
91759,34.2637,-117.69957,10.25
91761,34.0356,-117.59153,6.85
91762,34.05941,-117.6693,5.43
91763,34.07206,-117.69829,4.09
91764,34.07409,-117.60562,4.55
91765,33.98517,-117.812,5.91
91766,34.04229,-117.75611,4.89
91767,34.08309,-117.738,4.16
91768,34.06436,-117.79093,4.6
91770,34.06511,-118.08279,4.32
91773,34.10748,-117.80875,5.51
91775,34.11526,-118.08831,3.6
91776,34.08895,-118.09447,3.66
91780,34.10151,-118.05586,3.78
91784,34.14115,-117.65558,4.75
91786,34.10525,-117.66207,4.72
91789,34.01819,-117.85482,5.62
91790,34.06696,-117.93701,4.18
91791,34.06162,-117.89223,4.34
91792,34.02258,-117.90236,3.78
91801,34.09092,-118.12776,3.89
91803,34.07474,-118.14596,3.64
91901,32.81362,-116.72697,10.01
91902,32.67322,-117.0061,5.04
91905,32.67865,-116.30748,10.3
91906,32.65805,-116.47604,11.31
91910,32.6371,-117.06176,5.22
91911,32.60735,-117.05036,5.24
91913,32.62289,-116.98689,4.74
91914,32.66604,-116.95424,4.34
91915,32.6236,-116.9498,4.52
91916,32.91103,-116.63201,9.14
91917,32.642,-116.75377,8.54
91931,32.8376,-116.5803,4.6
91932,32.56535,-117.11457,3.88
91934,32.64899,-116.15256,8.51
91935,32.69434,-116.77551,11.33
91941,32.75927,-116.99709,4.6
91942,32.77727,-117.02134,4.18
91945,32.73315,-117.03407,3.81
91948,32.86495,-116.47304,7.36
91950,32.66907,-117.09349,4.46
91962,32.84677,-116.51977,8.95
91963,32.64795,-116.59636,7.83
91977,32.72624,-116.99432,4.86
91978,32.69892,-116.93096,5.14
91980,32.58519,-116.63254,3.74
92003,33.28527,-117.19778,5.52
92004,33.1977,-116.16746,29.46
92007,33.02305,-117.27558,3.38
92008,33.14248,-117.31344,4.93
92009,33.09534,-117.24577,5.17
92010,33.16538,-117.28143,4.61
92011,33.10676,-117.29633,4.32
92014,32.96323,-117.25037,4.28
92019,32.77884,-116.87142,7.11
92020,32.79561,-116.96975,5.03
92021,32.83573,-116.87462,6.81
92024,33.05687,-117.25758,5.85
92025,33.07781,-117.03313,6.29
92026,33.21097,-117.12479,7.45
92027,33.1316,-116.97694,9.01
92028,33.38647,-117.22496,11.81
92029,33.08553,-117.12397,6.31
92036,33.03241,-116.26518,22.39
92037,32.85464,-117.25177,5.15
92040,32.90891,-116.89197,9.44
92054,33.19307,-117.35968,4.48
92055,33.4112,-117.43326,12.35
92056,33.19958,-117.29876,5.19
92057,33.25462,-117.28331,5.51
92058,33.26397,-117.34478,8.04
92059,33.38282,-117.052,6.77
92060,33.35038,-116.86444,9.53
92061,33.30035,-116.93052,7.36
92064,32.98435,-117.01354,7.91
92065,33.04037,-116.83007,13.82
92066,33.21541,-116.53583,6.26
92067,33.02091,-117.19035,6.3
92069,33.1753,-117.15762,5.9
92070,33.18858,-116.74328,12.33
92071,32.85068,-116.99531,5.94
92075,32.99725,-117.26058,3.68
92078,33.11706,-117.18081,5.71
92081,33.16455,-117.24055,4.71
92082,33.25183,-117.00279,12.18
92083,33.19808,-117.24836,4.14
92084,33.22728,-117.20009,6.83
92086,33.314,-116.62954,15.51
92091,33.05239,-117.18282,3.03
92092,32.87555,-117.23614,2.33
92093,32.88212,-117.23708,2.86
92096,33.12816,-117.15619,2.52
92101,32.71781,-117.17209,4.11
92102,32.71598,-117.1175,3.92
92103,32.74782,-117.16733,3.74
92104,32.74193,-117.12781,3.75
92105,32.7404,-117.08987,4.18
92106,32.70988,-117.23786,4.16
92107,32.73906,-117.2454,3.58
92108,32.77398,-117.14271,3.91
92109,32.78677,-117.23421,4.5
92110,32.76524,-117.20039,4.03
92111,32.80648,-117.16897,4.64
92113,32.69464,-117.11976,3.93
92114,32.70775,-117.0553,4.61
92115,32.76155,-117.07191,4.26
92116,32.76484,-117.12312,3.67
92117,32.82489,-117.19971,4.68
92118,32.69879,-117.20911,4.52
92119,32.81789,-117.03196,4.33
92120,32.79399,-117.0738,4.52
92121,32.89712,-117.20165,5.22
92122,32.8568,-117.21016,4.11
92123,32.80962,-117.1342,4.66
92124,32.82825,-117.08526,4.84
92126,32.91199,-117.14342,5.09
92127,33.01877,-117.1241,6.32
92128,32.99697,-117.07298,5.11
92129,32.96354,-117.12622,5.28
92130,32.94762,-117.20583,5.91
92131,32.89969,-117.04732,7.64
92132,32.71367,-117.17204,2.16
92134,32.72505,-117.14541,2.25
92135,32.69498,-117.19435,2.59
92136,32.68301,-117.12298,2.89
92139,32.68003,-117.04889,3.72
92140,32.74128,-117.19771,2.66
92145,32.8685,-117.14317,4.96
92147,32.72474,-117.21875,2.27
92154,32.5791,-116.96653,8.52
92155,32.65812,-117.15695,2.57
92161,32.87407,-117.23156,2.27
92173,32.55558,-117.0512,3.54
92179,32.5839,-116.93348,2.45
92182,32.77498,-117.07423,2.41
92201,33.70945,-116.23697,5.66
92203,33.7516,-116.24143,5.9
92210,33.69989,-116.32955,5.44
92211,33.7654,-116.3342,5.5
92220,33.93992,-116.83933,12.79
92222,32.78345,-114.54953,3.51
92223,33.93782,-116.98137,8.09
92225,33.71727,-114.66008,23.89
92227,32.99005,-115.33685,24.12
92230,33.90879,-116.76878,5.1
92231,32.68764,-115.56437,9.52
92233,33.14738,-115.50041,13.2
92234,33.81413,-116.46555,5.49
92236,33.70276,-116.07244,9.14
92239,33.76806,-115.21693,22.65
92240,33.95154,-116.5201,7.43
92241,33.84634,-116.2833,12.46
92242,34.18878,-114.30648,8.11
92243,32.7702,-115.59859,11.67
92249,32.72607,-115.48215,6.05
92250,32.77737,-115.12798,19.04
92251,32.86923,-115.71404,16.28
92252,34.14798,-116.28422,11.62
92253,33.65674,-116.29216,7.78
92254,33.54384,-115.99828,8.29
92256,34.07206,-116.61767,9.23
92257,33.33624,-115.52569,16.94
92258,33.92155,-116.55956,4.93
92259,32.73479,-115.94645,17.41
92260,33.69723,-116.40626,7.08
92262,33.86296,-116.55668,7.39
92264,33.71289,-116.49711,8.48
92266,33.19935,-114.91532,30.0
92267,34.29722,-114.2071,7.91
92268,34.16146,-116.55001,9.58
92270,33.76384,-116.43039,6.59
92273,32.80302,-115.69797,3.63
92274,33.47024,-116.11372,15.35
92275,33.20782,-115.88082,7.78
92276,33.83231,-116.3864,7.52
92277,34.12777,-115.69013,30.0
92278,34.23506,-116.05827,2.57
92280,34.12935,-114.98522,13.87
92281,33.05034,-115.61265,5.3
92282,33.96258,-116.6583,9.89
92283,32.89155,-114.77294,18.55
92284,34.16008,-116.42472,12.25
92285,34.33765,-116.51367,16.98
92301,34.65179,-117.52611,15.61
92304,34.54875,-115.6908,8.27
92305,34.14382,-116.86838,11.78
92307,34.57123,-117.13309,14.43
92308,34.42022,-117.15613,11.23
92309,35.2492,-116.15624,19.19
92310,35.33441,-116.76301,10.26
92311,34.96565,-117.00151,20.71
92313,34.03132,-117.31499,3.73
92314,34.25412,-116.79638,7.49
92315,34.21713,-116.94161,6.92
92316,34.05707,-117.39118,5.08
92317,34.24508,-117.20873,3.15
92320,33.98738,-117.05028,5.39
92321,34.25004,-117.14727,4.42
92322,34.25417,-117.32258,3.65
92324,34.02519,-117.28885,6.79
92325,34.2467,-117.27603,4.68
92327,34.86785,-116.83505,6.5
92328,36.37179,-116.97976,30.0
92332,34.90709,-115.36446,29.85
92333,34.26066,-116.98215,4.88
92335,34.08733,-117.46516,5.79
92336,34.13686,-117.46034,6.05
92337,34.04966,-117.47147,5.36
92338,34.78772,-116.25121,10.79
92339,34.08393,-116.83737,10.07
92341,34.23664,-117.06284,4.87
92342,34.76029,-117.33591,11.0
92344,34.39177,-117.40657,7.57
92345,34.36097,-117.31304,11.03
92346,34.12405,-117.17757,6.73
92347,34.95001,-117.25805,13.9
92350,34.05294,-117.2616,2.23
92352,34.26769,-117.18672,5.08
92354,34.05079,-117.25015,4.03
92356,34.49625,-116.89253,19.36
92358,34.24623,-117.56764,9.72
92359,34.08529,-117.07631,5.98
92363,34.71108,-114.58198,19.51
92364,35.3596,-115.43877,22.8
92365,34.89669,-116.56042,21.96
92368,34.66439,-117.31488,8.4
92369,34.13941,-117.21966,2.55
92371,34.43834,-117.54259,12.44
92372,34.44868,-117.63492,6.6
92373,34.01195,-117.1597,7.73
92374,34.06851,-117.17532,5.85
92376,34.11054,-117.38002,5.31
92377,34.15236,-117.40407,4.44
92378,34.23199,-117.22489,2.81
92382,34.20622,-117.11227,6.1
92384,36.04334,-116.11917,15.83
92385,34.21344,-117.23059,4.76
92386,34.23704,-116.82529,3.38
92389,35.82457,-116.27475,8.07
92391,34.23969,-117.23667,3.28
92392,34.47901,-117.40883,7.54
92394,34.56346,-117.35358,7.14
92395,34.50483,-117.29899,5.73
92397,34.35409,-117.75372,8.26
92398,34.98279,-116.85162,11.09
92399,34.03231,-117.01058,8.65
92401,34.10591,-117.29181,2.75
92404,34.17863,-117.23893,7.1
92405,34.14578,-117.30222,4.03
92407,34.22516,-117.38849,10.21
92408,34.08362,-117.26846,4.94
92410,34.11158,-117.26369,4.61
92411,34.12281,-117.32581,3.97
92415,34.10505,-117.28685,2.23
92501,33.99652,-117.37418,4.15
92503,33.88288,-117.45172,7.32
92504,33.90835,-117.40134,6.32
92505,33.92667,-117.4928,4.9
92506,33.93476,-117.36688,5.66
92507,33.99112,-117.30682,6.2
92508,33.89039,-117.32826,5.01
92509,34.00327,-117.442,7.03
92518,33.89634,-117.27706,4.55
92521,33.96714,-117.32637,2.77
92530,33.63306,-117.37046,9.97
92532,33.69056,-117.30244,5.54
92536,33.49199,-116.81695,11.41
92539,33.52787,-116.64762,12.36
92543,33.69864,-116.97916,5.97
92544,33.64593,-116.88163,13.87
92545,33.73112,-117.03587,6.95
92548,33.76391,-117.10903,5.28
92549,33.80382,-116.67927,11.35
92551,33.88274,-117.22488,4.25
92553,33.92335,-117.24533,4.91
92555,33.911,-117.11377,9.36
92557,33.97255,-117.25826,5.83
92561,33.63042,-116.58229,13.62
92562,33.53124,-117.344,11.54
92563,33.58002,-117.14736,6.32
92567,33.82614,-117.08447,7.23
92570,33.77995,-117.32257,11.36
92571,33.84213,-117.19498,7.68
92582,33.80761,-117.01516,5.9
92583,33.79691,-116.93137,6.9
92584,33.66143,-117.18228,6.9
92585,33.74217,-117.16724,5.76
92586,33.70768,-117.20043,4.31
92587,33.69393,-117.2505,4.43
92590,33.48294,-117.22608,8.69
92591,33.53433,-117.10921,5.77
92592,33.51094,-117.02151,11.53
92595,33.61635,-117.26035,6.22
92596,33.66891,-117.04731,8.91
92602,33.7365,-117.73493,5.53
92603,33.62926,-117.79408,4.87
92604,33.69069,-117.78914,3.66
92606,33.69252,-117.83121,3.69
92610,33.68336,-117.65408,3.83
92612,33.66002,-117.82443,4.3
92614,33.67795,-117.83457,3.91
92617,33.64197,-117.84105,3.36
92618,33.66731,-117.73358,6.13
92620,33.7066,-117.75695,4.21
92624,33.45665,-117.66681,3.11
92625,33.60197,-117.86425,3.45
92626,33.67959,-117.90853,4.83
92627,33.64811,-117.9212,4.3
92629,33.47506,-117.70563,4.04
92630,33.64493,-117.68431,4.95
92637,33.60823,-117.7261,3.56
92646,33.66103,-117.96795,4.58
92647,33.72323,-118.00869,4.49
92648,33.67905,-118.01301,4.57
92649,33.72024,-118.04538,4.16
92651,33.57148,-117.77289,6.26
92653,33.59401,-117.70073,4.39
92655,33.74603,-117.9876,2.86
92656,33.5752,-117.73035,4.57
92657,33.59506,-117.82913,4.62
92660,33.63463,-117.87488,4.82
92661,33.60359,-117.91267,2.73
92662,33.60509,-117.89232,2.41
92663,33.6252,-117.92877,3.65
92672,33.37294,-117.52096,7.41
92673,33.46691,-117.61402,4.91
92675,33.49977,-117.6537,5.32
92676,33.74949,-117.61639,9.57
92677,33.52865,-117.70125,5.68
92678,33.65182,-117.5071,7.61
92679,33.64944,-117.5614,6.56
92683,33.75243,-117.99387,4.83
92688,33.61873,-117.6108,5.3
92691,33.61194,-117.66587,4.69
92692,33.61218,-117.64045,4.66
92694,33.51501,-117.58061,7.75
92697,33.64973,-117.84909,2.37
92701,33.74862,-117.85871,3.63
92703,33.74852,-117.90616,3.87
92704,33.72113,-117.90511,4.47
92705,33.76601,-117.78676,5.12
92706,33.766,-117.88169,3.71
92707,33.70994,-117.87043,4.08
92708,33.71058,-117.95113,4.74
92780,33.73681,-117.81968,4.27
92782,33.72838,-117.79747,4.06
92801,33.84498,-117.95215,4.28
92802,33.80831,-117.92369,3.94
92804,33.81801,-117.97519,4.42
92805,33.83005,-117.90568,4.27
92806,33.83796,-117.87049,4.52
92807,33.84873,-117.78836,5.0
92808,33.85625,-117.74023,4.03
92821,33.93194,-117.85494,5.41
92823,33.92853,-117.79607,4.48
92831,33.87951,-117.89604,4.21
92832,33.86877,-117.92909,3.54
92833,33.88051,-117.96113,4.51
92835,33.90057,-117.91467,4.17
92840,33.78717,-117.93189,4.06
92841,33.78683,-117.98204,3.94
92843,33.76396,-117.93154,3.81
92844,33.7656,-117.96951,3.32
92845,33.78291,-118.02637,3.36
92860,33.92551,-117.5477,5.41
92861,33.81799,-117.81129,3.31
92865,33.82639,-117.85131,3.78
92866,33.78454,-117.84479,3.25
92867,33.81567,-117.79916,5.15
92868,33.78797,-117.87634,3.68
92869,33.79548,-117.76494,5.33
92870,33.88116,-117.85478,4.36
92879,33.88261,-117.5282,4.85
92880,33.92539,-117.60725,6.65
92881,33.82388,-117.57003,7.17
92882,33.86287,-117.60009,5.11
92883,33.75801,-117.48026,8.82
92886,33.89541,-117.80083,5.27
92887,33.88728,-117.73393,5.05
93001,34.36238,-119.35127,10.92
93003,34.28367,-119.2232,6.14
93004,34.27819,-119.16456,4.41
93010,34.22789,-119.07955,6.26
93012,34.20339,-118.99144,8.43
93013,34.44013,-119.50331,7.84
93015,34.40887,-118.8702,10.75
93021,34.30518,-118.88393,8.28
93022,34.40328,-119.29836,3.61
93023,34.5091,-119.25191,16.83
93030,34.2051,-119.17532,5.41
93033,34.16009,-119.1358,7.15
93035,34.18629,-119.22889,4.04
93036,34.24814,-119.15345,5.83
93040,34.60204,-119.01979,19.52
93041,34.16319,-119.18668,4.2
93042,33.25565,-119.50359,6.77
93043,34.17016,-119.20293,2.64
93060,34.37203,-119.09669,10.73
93063,34.30805,-118.68697,7.46
93064,34.24527,-118.69985,4.34
93065,34.26239,-118.77222,6.96
93066,34.2977,-119.01456,7.89
93067,34.4231,-119.59615,2.69
93101,34.41926,-119.70805,3.62
93103,34.43737,-119.67928,4.13
93105,34.52904,-119.76789,12.73
93106,34.41726,-119.8513,2.72
93108,34.44897,-119.60543,6.79
93109,34.40641,-119.72693,3.68
93110,34.4395,-119.76783,4.58
93111,34.44918,-119.80478,4.59
93117,34.47945,-120.08409,13.77
93201,35.85686,-119.50753,9.69
93202,36.31869,-119.70752,3.13
93203,35.12,-118.8459,13.91
93204,35.9132,-120.08214,9.63
93205,35.57342,-118.48644,6.37
93206,35.44391,-119.47914,13.62
93207,35.89529,-118.59563,8.57
93208,36.12978,-118.63978,4.52
93210,36.16746,-120.43856,27.28
93212,36.01423,-119.56298,11.89
93215,35.77946,-119.19194,12.95
93218,35.85714,-119.04493,9.36
93219,35.88824,-119.29496,11.21
93220,35.37873,-118.78185,6.76
93221,36.29639,-119.02993,12.43
93222,34.88625,-119.22044,11.46
93223,36.30111,-119.20788,3.6
93224,35.25523,-119.62523,7.42
93225,34.78661,-119.02985,11.61
93226,35.73565,-118.73837,9.91
93227,36.34445,-119.41856,2.28
93230,36.29223,-119.62268,16.59
93234,36.19609,-120.08481,12.55
93235,36.38507,-119.22312,3.85
93237,36.4745,-118.90427,3.93
93238,35.85077,-118.49771,11.51
93239,36.03277,-119.98641,8.93
93240,35.61755,-118.45229,8.91
93241,35.24526,-118.90528,4.04
93242,36.44114,-119.73028,7.79
93243,34.83998,-118.81495,13.61
93244,36.38634,-118.98972,4.54
93245,36.2861,-119.83405,11.9
93246,36.31767,-119.92748,6.18
93247,36.20173,-119.08348,9.36
93249,35.6217,-119.88775,14.94
93250,35.66908,-119.20197,10.59
93251,35.3706,-119.69734,11.4
93252,34.80288,-119.35927,21.19
93254,34.94622,-119.80284,14.87
93255,35.67733,-118.10142,16.01
93256,35.97173,-119.31351,9.84
93257,35.98086,-118.88931,19.67
93258,36.05833,-119.15209,2.9
93260,35.81909,-118.66119,7.54
93261,35.81148,-119.11674,4.18
93262,36.43699,-118.67153,16.71
93263,35.48725,-119.27832,10.72
93265,36.21771,-118.69361,19.92
93266,36.17173,-119.8563,8.99
93267,36.14362,-119.07388,9.13
93268,35.16757,-119.41002,9.49
93270,35.94245,-119.05835,9.46
93271,36.44004,-118.88028,13.21
93272,36.04735,-119.34443,10.32
93274,36.17793,-119.37998,15.44
93276,35.3176,-119.40931,3.88
93277,36.30133,-119.37259,7.7
93280,35.65224,-119.4464,18.14
93283,35.5921,-118.2977,16.67
93285,35.74913,-118.4934,8.7
93286,36.46271,-119.09324,9.74
93287,35.7238,-118.92066,9.69
93291,36.39178,-119.37284,10.33
93292,36.36624,-119.21164,11.73
93301,35.38434,-119.02056,3.88
93304,35.33944,-119.02366,4.48
93305,35.38988,-118.98518,4.18
93306,35.46819,-118.77975,10.96
93307,35.24512,-118.9411,12.79
93308,35.54749,-118.94687,18.86
93309,35.34305,-119.06504,4.94
93311,35.15373,-119.16836,15.25
93312,35.39185,-119.11955,5.42
93313,35.16545,-119.04351,11.11
93314,35.39387,-119.24485,10.56
93401,35.23587,-120.61591,9.27
93402,35.29523,-120.83547,6.78
93405,35.30047,-120.73484,10.6
93407,35.30663,-120.66917,2.84
93408,35.32111,-120.7189,2.13
93409,35.32357,-120.69737,2.57
93410,35.30446,-120.65694,2.6
93420,35.17601,-120.47676,14.76
93422,35.46535,-120.68944,9.53
93424,35.19862,-120.78607,6.07
93426,35.84014,-120.97519,15.37
93427,34.64296,-120.23913,9.57
93428,35.585,-121.04147,9.98
93429,34.86766,-120.5399,4.39
93430,35.48477,-120.94417,9.69
93432,35.47852,-120.48144,10.35
93433,35.12089,-120.61966,3.34
93434,34.94027,-120.62007,6.34
93436,34.59993,-120.37653,15.71
93437,34.76064,-120.50888,8.4
93440,34.76863,-120.25826,8.03
93441,34.73313,-120.09497,7.64
93442,35.4014,-120.79994,8.06
93444,35.03591,-120.50256,9.34
93445,35.04407,-120.62071,5.75
93446,35.65907,-120.71758,20.79
93449,35.16093,-120.65334,4.86
93450,36.08542,-120.81852,14.21
93451,35.93254,-120.56086,21.2
93452,35.74648,-121.22335,11.7
93453,35.24135,-120.21927,25.87
93454,34.92301,-120.25946,20.57
93455,34.84831,-120.48288,11.88
93458,34.95325,-120.49212,6.84
93460,34.67332,-119.74362,15.47
93461,35.63334,-120.26839,17.57
93463,34.60642,-120.13543,7.29
93465,35.54272,-120.7338,10.35
93501,35.0658,-118.22178,15.53
93505,35.10896,-117.95646,9.32
93510,34.45091,-118.22761,10.13
93512,37.89187,-118.55457,11.12
93513,37.03614,-118.33567,20.09
93514,37.49211,-118.39041,30.0
93516,35.00813,-117.64256,6.85
93517,38.27808,-119.27481,18.68
93518,35.38511,-118.49117,18.35
93519,35.31421,-117.96073,12.64
93522,36.3163,-117.59233,8.36
93523,34.99529,-117.88399,7.59
93524,34.90802,-117.82782,9.73
93526,36.85713,-118.25814,8.64
93527,35.92293,-118.07894,18.99
93528,35.37188,-117.6418,3.42
93529,37.77771,-119.1881,9.86
93530,36.49386,-117.89039,2.98
93531,35.23178,-118.61307,6.01
93532,34.68985,-118.53369,12.03
93534,34.71766,-118.15232,5.95
93535,34.69839,-117.88994,16.04
93536,34.73767,-118.38742,16.48
93541,38.01865,-119.05973,18.18
93543,34.47528,-117.9696,9.47
93544,34.48821,-117.75661,11.74
93545,36.61054,-118.02628,19.96
93546,37.54913,-118.83981,15.93
93549,36.29273,-117.86535,22.19
93550,34.41033,-118.05996,16.62
93551,34.58962,-118.22738,10.36
93552,34.58352,-118.02734,7.63
93553,34.44524,-117.89487,8.87
93554,35.36922,-117.75913,12.55
93555,35.58238,-117.6836,10.02
93558,35.33945,-117.58513,7.77
93560,34.87878,-118.31833,13.77
93561,35.09867,-118.51671,17.77
93562,35.70122,-117.30754,10.59
93563,34.37092,-117.81336,7.58
93581,35.11291,-118.57098,3.46
93591,34.59786,-117.81557,9.83
93601,37.39077,-119.73236,7.72
93602,37.06684,-119.38894,11.57
93603,36.48868,-118.99807,11.42
93604,37.34791,-119.52981,8.05
93605,37.17622,-119.24952,5.5
93606,36.79872,-120.01627,2.76
93608,36.50499,-120.33866,11.88
93609,36.52617,-119.86389,9.09
93610,37.08729,-120.28887,16.73
93611,36.82667,-119.68057,4.91
93612,36.81485,-119.71191,4.36
93614,37.21757,-119.73107,12.29
93615,36.50374,-119.28385,5.64
93616,36.65468,-119.59433,5.37
93618,36.52212,-119.38663,9.43
93619,36.91418,-119.59398,14.4
93620,37.0435,-120.62051,13.53
93621,36.74663,-119.10139,9.94
93622,36.78562,-120.62538,21.38
93623,37.4766,-119.67443,5.93
93624,36.37855,-120.13015,12.9
93625,36.62423,-119.67175,6.45
93626,37.04329,-119.69131,11.06
93627,36.51094,-120.10629,9.17
93628,36.77084,-118.8485,9.19
93630,36.71657,-120.12695,13.56
93631,36.48007,-119.51734,10.25
93633,36.72912,-118.95624,4.0
93634,37.22361,-119.00094,30.0
93635,37.02019,-120.8817,19.95
93636,36.98488,-119.87752,14.76
93637,36.91808,-120.18593,17.2
93638,37.04343,-120.03369,10.63
93640,36.6727,-120.43974,13.41
93641,36.70548,-119.03996,9.22
93643,37.20505,-119.51843,13.21
93644,37.41802,-119.59257,11.83
93645,37.15211,-119.62014,9.02
93646,36.63227,-119.28935,7.32
93647,36.60076,-119.17548,10.76
93648,36.62062,-119.52058,6.27
93650,36.8402,-119.80012,2.72
93651,37.00239,-119.51486,5.66
93652,36.59501,-119.90458,3.3
93653,37.25603,-119.90906,15.28
93654,36.65871,-119.40127,11.1
93656,36.45094,-119.93682,11.66
93657,36.81686,-119.4587,15.64
93660,36.60934,-120.16517,8.34
93662,36.53657,-119.63865,10.01
93664,37.04982,-119.19073,14.45
93665,36.96331,-120.65032,2.66
93666,36.54621,-119.33618,2.42
93667,36.96566,-119.31683,11.85
93668,36.65762,-120.2931,8.26
93669,37.29091,-119.54837,4.41
93670,36.48556,-119.25415,2.2
93673,36.45235,-119.48238,2.8
93675,36.72472,-119.19278,11.05
93701,36.7496,-119.78781,3.12
93702,36.73944,-119.75421,4.06
93703,36.76886,-119.76241,3.98
93704,36.80031,-119.80091,4.11
93705,36.7873,-119.82732,4.0
93706,36.6559,-119.92026,13.43
93710,36.82411,-119.76271,4.26
93711,36.83655,-119.83385,5.04
93720,36.86221,-119.76079,4.93
93721,36.73281,-119.78383,3.3
93722,36.79975,-119.87762,5.99
93723,36.78976,-119.95256,7.82
93725,36.62721,-119.73189,9.43
93726,36.79367,-119.75971,4.29
93727,36.75158,-119.69535,6.26
93728,36.7573,-119.81828,3.58
93730,36.90603,-119.75114,4.55
93737,36.75361,-119.64558,4.84
93740,36.81638,-119.74612,2.85
93741,36.76743,-119.79604,2.31
93901,36.64786,-121.63031,4.81
93905,36.68507,-121.60599,4.76
93906,36.72268,-121.63367,5.31
93907,36.76678,-121.66672,8.7
93908,36.62604,-121.60212,16.09
93920,36.05225,-121.5144,13.43
93921,36.55364,-121.92227,2.89
93923,36.40577,-121.79602,14.93
93924,36.4156,-121.63765,14.42
93925,36.58848,-121.39922,8.42
93926,36.52587,-121.39674,9.44
93927,36.27559,-121.39192,15.16
93928,36.08274,-121.47079,7.63
93930,36.1998,-121.08231,18.82
93932,35.98976,-121.06436,9.91
93933,36.67697,-121.78145,4.97
93940,36.56231,-121.80551,7.38
93943,36.59765,-121.87331,2.41
93944,36.60065,-121.91854,2.53
93950,36.6191,-121.92544,3.52
93953,36.58744,-121.94482,4.58
93954,36.17298,-120.90268,9.01
93955,36.61479,-121.78802,6.66
93960,36.40563,-121.32305,13.98
93962,36.62472,-121.64649,2.32
94002,37.51345,-122.29682,4.15
94005,37.68883,-122.40893,3.94
94010,37.57192,-122.37503,5.53
94014,37.69069,-122.44772,4.3
94015,37.68132,-122.48086,4.16
94018,37.506,-122.47332,2.69
94019,37.45567,-122.40797,9.02
94020,37.26898,-122.22155,7.88
94021,37.25035,-122.24964,5.01
94022,37.35536,-122.14494,5.82
94024,37.35039,-122.09869,4.61
94025,37.45125,-122.18234,4.63
94027,37.45707,-122.20106,4.04
94028,37.37488,-122.21268,5.78
94030,37.59971,-122.4033,3.67
94037,37.5533,-122.49583,4.13
94038,37.53572,-122.47368,4.21
94040,37.38027,-122.08522,3.74
94041,37.38824,-122.07535,3.15
94043,37.41191,-122.06892,4.64
94044,37.6066,-122.47723,5.53
94060,37.24714,-122.27349,9.78
94061,37.46115,-122.23695,3.78
94062,37.42253,-122.28582,9.3
94063,37.49331,-122.19561,4.32
94065,37.53342,-122.24956,3.38
94066,37.62539,-122.43236,4.24
94070,37.49647,-122.27256,4.25
94074,37.33171,-122.34147,6.37
94080,37.65517,-122.41838,4.9
94085,37.38862,-122.01793,3.7
94086,37.37163,-122.0232,3.9
94087,37.35162,-122.03668,4.33
94089,37.4124,-122.0156,4.24
94102,37.77956,-122.41929,2.74
94103,37.77298,-122.41134,3.06
94104,37.79141,-122.40213,2.25
94105,37.79158,-122.39373,2.64
94107,37.75855,-122.39954,3.23
94108,37.79189,-122.40852,2.46
94109,37.79449,-122.42227,2.94
94110,37.75002,-122.4152,3.4
94111,37.79836,-122.3992,2.52
94112,37.72054,-122.44317,3.66
94114,37.75821,-122.43556,3.07
94115,37.78603,-122.43737,2.97
94116,37.7454,-122.48606,3.44
94117,37.77005,-122.44428,3.03
94118,37.78015,-122.46153,3.29
94121,37.77859,-122.49591,3.45
94122,37.76046,-122.48389,3.64
94123,37.80204,-122.43397,2.94
94124,37.72899,-122.38132,3.96
94127,37.73603,-122.45721,3.24
94128,37.62195,-122.3838,3.66
94129,37.79734,-122.46447,3.39
94130,37.81965,-122.36866,2.85
94131,37.74592,-122.44147,3.29
94132,37.72221,-122.48408,3.61
94133,37.80196,-122.411,2.74
94134,37.71885,-122.4113,3.45
94158,37.77253,-122.38838,2.67
94188,37.74071,-122.38092,2.27
94301,37.44422,-122.14986,3.4
94303,37.45788,-122.1151,4.64
94304,37.39725,-122.16698,3.99
94305,37.41826,-122.17087,3.99
94306,37.4162,-122.13086,3.84
94401,37.57517,-122.31988,3.6
94402,37.5401,-122.3301,4.04
94403,37.53845,-122.30545,4.15
94404,37.556,-122.26768,3.89
94501,37.77471,-122.2781,4.56
94502,37.73949,-122.23946,3.44
94503,38.18794,-122.22364,6.72
94505,37.87127,-121.59698,5.71
94506,37.80643,-121.90242,5.92
94507,37.85429,-122.0066,5.04
94508,38.58578,-122.4442,5.63
94509,37.992,-121.81257,5.79
94510,38.11321,-122.11971,6.9
94511,38.02813,-121.62985,4.08
94512,38.13115,-121.82174,6.28
94513,37.9249,-121.68672,10.06
94514,37.82565,-121.63435,6.97
94515,38.63572,-122.61508,11.8
94516,37.82749,-122.1663,3.73
94517,37.89108,-121.89306,8.27
94518,37.95052,-122.02208,4.14
94519,37.9888,-122.01276,3.93
94520,37.99303,-122.03525,4.85
94521,37.95291,-121.9697,4.83
94523,37.95416,-122.07577,4.44
94525,38.04807,-122.22921,3.42
94526,37.81473,-121.98453,5.3
94528,37.84148,-121.95815,2.98
94530,37.92074,-122.30063,3.89
94531,37.95665,-121.77779,5.4
94533,38.28075,-122.00638,6.31
94534,38.24195,-122.11827,9.99
94535,38.27094,-121.93702,4.81
94536,37.57051,-121.98125,5.41
94538,37.50137,-121.95675,5.69
94539,37.51629,-121.91189,6.55
94541,37.67376,-122.08782,4.48
94542,37.65532,-122.02583,4.67
94544,37.63351,-122.05677,5.0
94545,37.62976,-122.12424,5.46
94546,37.7454,-122.10313,5.63
94547,38.00659,-122.25716,4.16
94548,37.97429,-121.65144,3.38
94549,37.90114,-122.11908,6.04
94550,37.51998,-121.5756,16.97
94551,37.75051,-121.74925,10.26
94552,37.70578,-122.00759,8.53
94553,37.9783,-122.15711,9.13
94555,37.54759,-122.09822,5.38
94556,37.83197,-122.10592,5.99
94558,38.38914,-122.18841,20.2
94559,38.25113,-122.29609,7.86
94560,37.50425,-122.03191,6.07
94561,37.99348,-121.69122,5.78
94562,38.43065,-122.40885,2.48
94563,37.87387,-122.20531,6.11
94564,37.99056,-122.2725,4.37
94565,38.00859,-121.92831,8.11
94566,37.64873,-121.84802,6.09
94567,38.66702,-122.40701,9.74
94568,37.71597,-121.90114,5.69
94569,38.04409,-122.19194,3.03
94571,38.15207,-121.75977,11.48
94572,38.02386,-122.23279,4.75
94573,38.45886,-122.42883,3.13
94574,38.54245,-122.41992,12.12
94575,37.84096,-122.1095,2.36
94576,38.54926,-122.4758,2.48
94577,37.71666,-122.16927,4.59
94578,37.70676,-122.12556,3.94
94579,37.6865,-122.15721,3.61
94580,37.678,-122.13337,3.65
94582,37.76535,-121.91543,5.33
94583,37.77169,-121.98983,6.18
94585,38.19183,-121.93827,11.36
94586,37.56712,-121.85225,8.78
94587,37.59001,-122.07519,6.02
94588,37.79265,-121.86281,7.2
94589,38.14147,-122.24687,4.16
94590,38.09579,-122.24969,4.33
94591,38.12719,-122.19685,6.17
94592,38.091,-122.28542,4.57
94595,37.87209,-122.06897,4.07
94596,37.88901,-122.03678,4.24
94597,37.9177,-122.07182,3.83
94598,37.91692,-122.01492,6.12
94599,38.39948,-122.38024,4.56
94601,37.77576,-122.21857,3.62
94602,37.80524,-122.20423,3.73
94603,37.73927,-122.17555,3.49
94605,37.76141,-122.1502,4.7
94606,37.79137,-122.24451,3.38
94607,37.80884,-122.3047,4.21
94608,37.83684,-122.28914,3.51
94609,37.83482,-122.2642,3.17
94610,37.81233,-122.24038,3.31
94611,37.83192,-122.21579,4.45
94612,37.80771,-122.26686,2.89
94613,37.78072,-122.18303,2.45
94618,37.84482,-122.23855,3.41
94619,37.79261,-122.16008,4.62
94621,37.75113,-122.21018,4.65
94702,37.86632,-122.28635,3.03
94703,37.86371,-122.27568,3.03
94704,37.86642,-122.26092,2.84
94705,37.86521,-122.23838,3.67
94706,37.8897,-122.29586,3.1
94707,37.89836,-122.27909,3.21
94708,37.90307,-122.26194,3.66
94709,37.87829,-122.26625,2.75
94710,37.86391,-122.30647,3.33
94720,37.87196,-122.2522,2.76
94801,37.94924,-122.3972,5.08
94803,37.95684,-122.28236,5.25
94804,37.91546,-122.33782,4.31
94805,37.94221,-122.32354,3.24
94806,37.97843,-122.33642,4.54
94901,37.98071,-122.50061,5.29
94903,38.02213,-122.55881,6.05
94904,37.94723,-122.55178,4.02
94920,37.88677,-122.46262,4.32
94922,38.35681,-122.95095,3.9
94923,38.33942,-123.03453,5.99
94924,37.9669,-122.73882,6.76
94925,37.93185,-122.50774,3.63
94928,38.34593,-122.69351,4.53
94929,38.25453,-122.96237,2.88
94930,37.96979,-122.61533,5.43
94931,38.32517,-122.71698,4.53
94933,38.0175,-122.68815,3.63
94937,38.11648,-122.93035,8.81
94938,38.03024,-122.72951,4.8
94939,37.93825,-122.53595,3.39
94940,38.20397,-122.89148,6.65
94941,37.92477,-122.60018,7.58
94945,38.12269,-122.55314,6.36
94946,38.07473,-122.69527,7.54
94947,38.1062,-122.62498,6.25
94949,38.06009,-122.50641,5.32
94950,38.02116,-122.76173,4.0
94951,38.32255,-122.64489,5.26
94952,38.23455,-122.76038,14.79
94954,38.23501,-122.55737,9.16
94956,38.02145,-122.81817,7.35
94957,37.96342,-122.56181,3.08
94960,37.99702,-122.57834,4.2
94963,38.00761,-122.66475,3.15
94964,37.9406,-122.49071,2.61
94965,37.83735,-122.52748,5.47
94970,37.92588,-122.65983,4.44
94971,38.23303,-122.89696,6.28
94972,38.33664,-122.93931,3.94
94973,38.01259,-122.6394,3.8
95002,37.43867,-122.01158,4.81
95003,37.0067,-121.87821,7.17
95004,36.87476,-121.63073,6.25
95005,37.09836,-122.0893,5.12
95006,37.17127,-122.14952,8.74
95007,37.11012,-122.11435,3.14
95008,37.27917,-121.95557,4.31
95010,36.97635,-121.95472,3.07
95012,36.78883,-121.73489,5.26
95013,37.21531,-121.73961,3.21
95014,37.30835,-122.08188,6.53
95017,37.09468,-122.23747,9.17
95018,37.08387,-122.0599,5.79
95019,36.93585,-121.78448,2.95
95020,37.01621,-121.55942,13.19
95023,36.91999,-121.32219,20.04
95030,37.22165,-121.98324,4.95
95032,37.18014,-121.90155,5.92
95033,37.15828,-121.97368,10.59
95035,37.4404,-121.87469,6.3
95037,37.13182,-121.68125,11.95
95039,36.82775,-121.76529,5.79
95041,37.05053,-122.05828,2.4
95043,36.51818,-120.98291,27.11
95045,36.82581,-121.51856,8.25
95046,37.09931,-121.59924,5.94
95050,37.35043,-121.9524,4.12
95051,37.34831,-121.98444,4.33
95053,37.34846,-121.93727,2.35
95054,37.3931,-121.9648,4.3
95060,36.9932,-122.0984,8.71
95062,36.97397,-121.98985,4.04
95064,36.9916,-122.05887,3.18
95065,37.03224,-121.9844,5.0
95066,37.0672,-122.01452,5.93
95070,37.25493,-122.05218,6.83
95073,37.04068,-121.93174,6.35
95075,36.79355,-121.19197,10.71
95076,36.94578,-121.75606,12.55
95110,37.34657,-121.90975,3.94
95111,37.28385,-121.82687,4.19
95112,37.3446,-121.88344,4.45
95113,37.33401,-121.89044,2.54
95116,37.35047,-121.85255,3.71
95117,37.31007,-121.96218,3.38
95118,37.25536,-121.89191,3.83
95119,37.22697,-121.78868,3.87
95120,37.18575,-121.84274,7.69
95121,37.30461,-121.80977,3.91
95122,37.32922,-121.83482,3.99
95123,37.24424,-121.8316,4.54
95124,37.25683,-121.92281,4.33
95125,37.2956,-121.89407,4.45
95126,37.32692,-121.91678,3.66
95127,37.37167,-121.7871,5.96
95128,37.31588,-121.93643,3.8
95129,37.30596,-122.00072,3.94
95130,37.27768,-121.98624,3.09
95131,37.38727,-121.89795,4.18
95132,37.41845,-121.78798,6.75
95133,37.37172,-121.86056,3.64
95134,37.43002,-121.94526,4.99
95135,37.22336,-121.52569,12.33
95136,37.27138,-121.85251,4.07
95138,37.24561,-121.74886,6.63
95139,37.22488,-121.76386,3.0
95140,37.3515,-121.64088,9.96
95148,37.33343,-121.78167,4.55
95202,37.95974,-121.28829,2.93
95203,37.9543,-121.32932,4.25
95204,37.97374,-121.31925,4.09
95205,37.96458,-121.25984,4.72
95206,37.90847,-121.39531,12.48
95207,38.00212,-121.32498,4.44
95209,38.04686,-121.3528,4.61
95210,38.03179,-121.29789,4.5
95211,37.98026,-121.31115,2.29
95212,38.04994,-121.23297,6.18
95215,37.9494,-121.15706,10.75
95219,38.03743,-121.5125,11.82
95220,38.20023,-121.23503,8.92
95221,38.07229,-120.54847,2.44
95222,38.05133,-120.59017,13.19
95223,38.44632,-119.81296,20.76
95224,38.23132,-120.32269,5.08
95225,38.20255,-120.86415,4.83
95226,38.23747,-120.86645,3.78
95227,38.21035,-121.05126,7.6
95228,37.90727,-120.68833,10.68
95230,37.99765,-120.89468,12.62
95231,37.87379,-121.29015,4.98
95232,38.36053,-120.57724,4.02
95233,38.18619,-120.36856,3.15
95236,38.04427,-121.03925,12.25
95237,38.15395,-121.14656,4.47
95240,38.12354,-121.15908,9.5
95242,38.13707,-121.38455,10.66
95245,38.30275,-120.60947,9.59
95246,38.24971,-120.48886,9.55
95247,38.13609,-120.44394,8.23
95248,38.31771,-120.46111,7.1
95249,38.18995,-120.61956,10.18
95251,38.08006,-120.45358,5.17
95252,38.15863,-120.84325,11.69
95253,38.14717,-121.19528,3.18
95254,38.19984,-120.96424,4.01
95255,38.41985,-120.48002,8.03
95257,38.37993,-120.46802,5.11
95258,38.17207,-121.30891,3.63
95301,37.30615,-120.656,9.92
95303,37.47029,-120.67108,6.88
95304,37.68064,-121.38156,13.25
95305,37.81593,-120.36109,8.93
95306,37.3629,-120.11942,13.72
95307,37.55581,-120.95385,7.2
95309,37.87142,-120.43239,2.12
95310,38.08584,-120.37855,8.07
95311,37.70569,-120.09104,16.13
95312,37.42107,-120.65298,2.9
95313,37.41796,-121.05104,8.14
95315,37.42279,-120.77435,5.95
95316,37.53963,-120.66869,10.21
95317,37.12738,-120.50643,8.17
95318,37.66604,-119.80755,8.86
95319,37.629,-120.88513,3.44
95320,37.81856,-121.00691,10.55
95321,37.93169,-119.83615,21.24
95322,37.18197,-121.01997,13.82
95323,37.60454,-120.68369,7.08
95324,37.39315,-120.89899,7.75
95325,37.4808,-120.24486,6.95
95326,37.5891,-120.85544,6.67
95327,37.84753,-120.48656,13.44
95328,37.55804,-120.90941,2.86
95329,37.67763,-120.41805,11.8
95330,37.81345,-121.31727,6.21
95333,37.24467,-120.24274,12.04
95334,37.34968,-120.75128,8.82
95335,38.12489,-120.09315,7.82
95336,37.83027,-121.20102,7.62
95337,37.74304,-121.23838,8.12
95338,37.50701,-119.98379,18.74
95340,37.34009,-120.40641,8.54
95341,37.23105,-120.50107,13.0
95345,37.59089,-119.96346,7.6
95346,38.07048,-120.17335,4.05
95348,37.42052,-120.49961,8.97
95350,37.67173,-121.00728,4.7
95351,37.62412,-120.99732,4.71
95354,37.63903,-120.96477,4.51
95355,37.67291,-120.94659,4.78
95356,37.71857,-121.03231,6.28
95357,37.67115,-120.88627,7.7
95358,37.61163,-121.10786,11.79
95360,37.326,-121.03889,9.14
95361,37.79219,-120.78566,15.39
95363,37.37389,-121.25145,21.86
95364,38.2247,-119.75998,14.75
95365,37.30118,-120.33148,3.74
95366,37.76277,-121.12528,7.32
95367,37.7297,-120.94676,4.08
95368,37.71327,-121.0854,3.59
95369,37.5254,-120.40425,13.34
95370,37.9844,-120.34807,11.22
95372,37.99129,-120.26279,3.41
95374,37.31681,-120.85575,8.05
95375,38.22569,-119.96012,5.39
95376,37.73682,-121.434,4.51
95377,37.674,-121.51686,11.52
95379,37.96639,-120.21265,6.62
95380,37.47423,-120.87525,9.98
95382,37.52756,-120.85111,5.0
95383,38.093,-120.23281,9.39
95385,37.60982,-121.2485,6.7
95386,37.66729,-120.62209,10.84
95387,37.55438,-121.24465,6.21
95388,37.4213,-120.59959,7.57
95389,37.78413,-119.42826,17.75
95391,37.78079,-121.59805,6.71
95401,38.44914,-122.79375,6.15
95403,38.50368,-122.75406,6.21
95404,38.52573,-122.69044,9.88
95405,38.43814,-122.66906,4.03
95407,38.39466,-122.74593,6.22
95409,38.46849,-122.58214,7.37
95410,39.23494,-123.69985,6.98
95412,38.71261,-123.31415,10.63
95415,39.02051,-123.36755,8.75
95417,39.68791,-123.6507,6.45
95419,38.42347,-122.95818,2.23
95420,39.35936,-123.76601,4.45
95421,38.58357,-123.18267,12.87
95422,38.98551,-122.64253,6.71
95423,39.06738,-122.62972,12.05
95425,38.82305,-123.06386,14.58
95426,38.83342,-122.73406,6.86
95427,39.25324,-123.56925,8.82
95428,39.8248,-123.17961,17.05
95429,39.75605,-123.3587,6.58
95430,38.46142,-123.04719,2.44
95431,38.34907,-122.51618,2.32
95432,39.10849,-123.64542,9.71
95435,39.00315,-122.8748,2.11
95436,38.48683,-122.90562,6.19
95437,39.44395,-123.68592,14.09
95439,38.49056,-122.77591,3.48
95441,38.72163,-123.04729,13.38
95442,38.37822,-122.51649,6.54
95443,39.05013,-122.73963,3.85
95444,38.43262,-122.86924,2.51
95445,38.83252,-123.47253,10.58
95446,38.51943,-123.01068,7.06
95448,38.62298,-122.88912,14.34
95449,38.93614,-123.11944,12.69
95450,38.50981,-123.20804,7.55
95451,38.92214,-122.78956,10.75
95452,38.4296,-122.53674,5.68
95453,39.04593,-122.94108,10.47
95454,39.78405,-123.49579,17.9
95456,39.25889,-123.75916,5.06
95457,38.92404,-122.54908,13.04
95458,39.10901,-122.77764,7.36
95459,38.97663,-123.60485,8.99
95460,39.30524,-123.74862,7.34
95461,38.75401,-122.55211,12.02
95462,38.47336,-123.02154,3.73
95463,39.18956,-123.58059,4.44
95464,39.12625,-122.84708,3.45
95465,38.41734,-123.04601,8.3
95466,39.05692,-123.50565,11.21
95467,38.81295,-122.5481,4.46
95468,38.91889,-123.60568,9.07
95469,39.39894,-123.07525,14.34
95470,39.29902,-123.23924,9.57
95471,38.53222,-122.97359,3.71
95472,38.39881,-122.86192,9.61
95476,38.25584,-122.46091,11.42
95480,38.68469,-123.36805,4.11
95482,39.1368,-123.26109,17.57
95485,39.20847,-122.92572,10.47
95486,38.47414,-123.0242,2.13
95488,39.72718,-123.78917,9.11
95490,39.47932,-123.34816,20.83
95492,38.53049,-122.81184,6.04
95493,39.22232,-122.98549,4.55
95494,38.89645,-123.34318,12.14
95497,38.72527,-123.45831,5.54
95501,40.80201,-124.14482,4.46
95503,40.7384,-124.10782,10.31
95511,40.16603,-123.58414,7.83
95514,40.28674,-123.66229,11.21
95519,40.96301,-124.0525,8.66
95521,40.84336,-124.04533,9.05
95524,40.82084,-124.05002,4.59
95525,40.95378,-123.82444,10.74
95526,40.46153,-123.67649,12.2
95527,40.95092,-123.42112,12.88
95528,40.49699,-123.93081,10.51
95531,41.86267,-124.13054,14.5
95536,40.50124,-124.20993,13.58
95537,40.72715,-124.21918,2.5
95538,41.86834,-124.15426,3.25
95540,40.56679,-124.12598,7.3
95542,40.09325,-123.75983,15.45
95543,41.88884,-123.80277,12.79
95545,40.26155,-124.08613,12.59
95546,41.18599,-123.73149,10.49
95547,40.56946,-124.0775,4.93
95548,41.58986,-124.06069,8.79
95549,40.66668,-123.90838,12.7
95550,40.78112,-123.83597,12.58
95551,40.67499,-124.23115,7.91
95552,40.34442,-123.41722,12.62
95553,40.23115,-123.8686,9.61
95554,40.29638,-123.77714,7.19
95555,41.30255,-123.97764,11.58
95556,41.30772,-123.58741,13.76
95558,40.33758,-124.26118,13.78
95559,40.19028,-123.7483,5.89
95560,40.14273,-123.83882,5.71
95562,40.4412,-124.10041,5.69
95563,40.89425,-123.56406,9.38
95564,40.79088,-124.20475,3.66
95565,40.45519,-124.0152,7.27
95567,41.95068,-124.09709,9.18
95568,41.48486,-123.49149,10.94
95569,40.36136,-123.86212,8.72
95570,41.11375,-124.08264,8.57
95571,40.36554,-123.94428,4.33
95573,40.91493,-123.66872,11.95
95585,39.85872,-123.66617,8.95
95587,39.96968,-123.75537,5.97
95589,40.06144,-123.9798,13.22
95595,40.08756,-123.1535,23.35
95601,38.42486,-120.83028,3.3
95602,38.99149,-121.10354,8.4
95603,38.91135,-121.08576,7.43
95604,39.23853,-120.07143,2.2
95605,38.59352,-121.53987,3.79
95606,38.75641,-122.19327,7.55
95607,38.83062,-122.12604,12.45
95608,38.62694,-121.33119,5.3
95610,38.69492,-121.27221,4.56
95612,38.38471,-121.57872,9.24
95613,38.81263,-120.89171,2.97
95614,38.88624,-120.9797,7.12
95615,38.31076,-121.54182,6.18
95616,38.55415,-121.79851,6.96
95618,38.54302,-121.69054,7.15
95619,38.6806,-120.81426,4.21
95620,38.40494,-121.75438,16.1
95621,38.69549,-121.30862,4.35
95623,38.63253,-120.84401,8.07
95624,38.43415,-121.30587,8.13
95625,38.35731,-121.90864,2.87
95626,38.73379,-121.48901,7.57
95627,38.73451,-122.02535,8.57
95628,38.6521,-121.25438,5.26
95629,38.51279,-120.68752,8.86
95630,38.66278,-121.14011,6.65
95631,39.05494,-120.75397,13.98
95632,38.27445,-121.2592,11.66
95633,38.8492,-120.82238,7.7
95634,38.90063,-120.70678,11.89
95635,38.91075,-120.90862,6.94
95636,38.61165,-120.48682,5.07
95637,38.85301,-122.27287,7.9
95638,38.34268,-121.07013,10.13
95639,38.40854,-121.49537,3.95
95640,38.34147,-120.94011,12.41
95641,38.15557,-121.60482,7.88
95642,38.34351,-120.76395,9.4
95645,38.89404,-121.79681,12.1
95646,38.63174,-120.01536,8.63
95648,38.92281,-121.312,12.91
95650,38.80918,-121.17137,6.34
95651,38.82088,-120.93519,5.32
95652,38.66264,-121.40083,3.76
95653,38.69707,-121.97841,4.13
95655,38.54923,-121.2786,4.8
95658,38.88118,-121.16901,6.38
95659,38.85874,-121.58991,8.15
95660,38.67887,-121.3805,4.29
95661,38.74127,-121.24927,4.72
95662,38.68917,-121.21843,4.98
95663,38.85737,-121.18253,4.68
95664,38.80128,-121.03786,7.5
95665,38.39518,-120.65275,6.09
95666,38.54138,-120.3291,10.32
95667,38.7334,-120.79135,13.81
95668,38.82755,-121.49518,9.32
95669,38.48952,-120.89164,9.9
95670,38.60427,-121.28033,5.26
95671,38.69446,-121.15375,3.1
95672,38.72226,-120.99295,6.23
95673,38.69052,-121.46566,5.66
95674,38.95395,-121.4819,7.13
95675,38.54546,-120.74291,2.41
95676,38.87433,-121.71384,3.02
95677,38.79292,-121.23201,4.83
95678,38.76535,-121.28847,5.07
95679,38.9166,-122.28528,4.21
95680,38.24141,-121.57832,3.39
95681,38.99809,-121.3542,5.59
95682,38.59897,-120.96307,10.61
95683,38.51199,-121.09626,10.44
95684,38.5661,-120.50122,13.48
95685,38.43401,-120.76202,7.74
95686,38.15779,-121.52022,7.17
95687,38.33313,-121.92015,8.06
95688,38.42134,-122.03012,10.71
95689,38.47089,-120.61568,6.56
95690,38.2034,-121.62624,8.52
95691,38.62795,-121.59329,7.67
95692,39.04307,-121.4098,8.87
95693,38.39853,-121.21951,8.95
95694,38.57166,-122.06417,12.46
95695,38.69404,-121.85293,12.96
95697,38.73288,-121.80719,2.48
95698,38.81636,-121.91077,7.63
95699,38.43677,-120.85762,3.7
95701,39.22655,-120.76702,7.12
95703,38.98903,-120.98777,4.71
95709,38.74903,-120.69092,6.43
95713,39.08135,-120.93239,9.08
95714,39.20116,-120.8368,3.72
95715,39.27665,-120.64401,7.28
95717,39.14259,-120.84269,6.01
95720,38.85094,-120.25127,13.33
95721,38.81614,-120.096,3.93
95722,39.0098,-121.03471,4.93
95726,38.76198,-120.41349,12.86
95728,39.29465,-120.40141,6.8
95735,38.84029,-120.15029,8.01
95736,39.03912,-120.97749,2.44
95742,38.5622,-121.2047,8.45
95746,38.74692,-121.16643,5.89
95747,38.77842,-121.36883,7.89
95757,38.33165,-121.43698,9.29
95758,38.42967,-121.44521,5.35
95762,38.68369,-121.06473,7.86
95765,38.81974,-121.27832,5.21
95776,38.69869,-121.69946,10.53
95811,38.59379,-121.48216,3.38
95814,38.58057,-121.49559,3.07
95815,38.60563,-121.44545,4.51
95816,38.57541,-121.4648,3.5
95817,38.5506,-121.45703,3.37
95818,38.55449,-121.49706,3.78
95819,38.56686,-121.43756,3.72
95820,38.53491,-121.4442,4.08
95821,38.62569,-121.38492,4.41
95822,38.51284,-121.49421,4.63
95823,38.47473,-121.44264,5.08
95824,38.51743,-121.44144,3.81
95825,38.5919,-121.40847,3.96
95826,38.54385,-121.37828,4.95
95827,38.54836,-121.3275,4.72
95828,38.48943,-121.39597,5.2
95829,38.48955,-121.32345,6.09
95830,38.49051,-121.28417,5.28
95831,38.49579,-121.53026,4.4
95832,38.44741,-121.49614,4.62
95833,38.61905,-121.51755,4.58
95834,38.63521,-121.51861,4.87
95835,38.66849,-121.5256,4.71
95837,38.69376,-121.59894,5.44
95838,38.64572,-121.44525,4.75
95841,38.66027,-121.34816,3.79
95842,38.68704,-121.34887,3.81
95843,38.71533,-121.36368,4.32
95864,38.58405,-121.37585,4.28
95901,39.22394,-121.49405,14.85
95903,39.1213,-121.3711,6.11
95910,39.46288,-120.82978,7.21
95912,39.0004,-122.07423,13.21
95913,39.629,-122.19215,5.78
95914,39.40759,-121.37877,6.25
95915,39.99137,-121.23073,7.46
95916,39.65142,-121.38164,10.36
95917,39.43586,-121.76363,10.16
95918,39.30123,-121.33793,8.78
95919,39.43444,-121.26556,6.7
95920,39.44979,-121.93637,9.55
95922,39.46673,-121.07187,8.54
95923,40.1838,-121.13669,4.89
95925,39.48411,-121.19265,7.39
95926,39.74577,-121.84394,4.53
95928,39.68149,-121.83721,12.95
95929,39.72579,-121.85021,2.08
95930,39.54872,-121.15988,4.49
95932,39.24693,-122.01218,12.84
95934,40.0601,-120.90796,6.21
95935,39.37934,-121.19226,6.61
95936,39.58076,-120.77435,8.02
95937,38.88406,-121.99849,8.62
95938,39.60471,-121.79529,9.5
95939,39.56168,-122.6117,16.56
95941,39.51695,-121.27387,7.4
95942,39.91599,-121.66703,9.55
95943,39.57521,-122.03454,9.24
95944,39.54016,-120.85145,4.78
95945,39.19327,-120.98012,9.1
95946,39.20916,-121.21382,8.07
95947,40.1594,-120.84408,10.39
95948,39.33926,-121.77079,9.89
95949,39.10267,-121.13385,12.63
95950,39.04345,-121.9181,8.6
95951,39.72251,-122.00443,6.02
95953,39.25974,-121.77633,11.79
95954,39.85419,-121.57787,12.23
95955,39.29452,-122.20171,12.39
95956,39.88414,-121.11594,8.99
95957,39.05228,-121.82518,10.76
95958,39.5642,-121.79794,4.34
95959,39.35153,-120.87055,18.04
95960,39.44144,-121.01663,7.86
95961,39.04133,-121.56284,8.15
95962,39.32341,-121.27255,7.59
95963,39.74783,-122.30336,18.38
95965,39.59394,-121.58136,18.02
95966,39.47537,-121.41413,13.84
95968,39.43518,-121.55178,3.22
95969,39.72074,-121.63866,8.47
95970,39.41027,-122.05203,7.14
95971,39.92923,-120.92443,13.15
95972,39.42277,-121.33765,2.95
95973,39.87653,-121.85964,17.73
95974,39.4973,-121.7557,2.59
95975,39.22433,-121.1537,4.79
95977,39.17659,-121.29169,7.57
95978,39.90844,-121.52962,2.18
95979,39.2903,-122.47552,15.9
95981,39.65283,-121.03994,8.62
95982,39.17323,-121.80567,7.92
95983,40.05826,-120.73893,10.39
95984,39.98278,-121.12762,9.89
95986,39.36152,-120.76519,5.0
95987,39.10361,-122.247,18.17
95988,39.49719,-122.28757,18.46
95991,39.0155,-121.6112,7.82
95993,39.0825,-121.68011,10.34
96001,40.57718,-122.45471,9.73
96002,40.52777,-122.31865,7.02
96003,40.66728,-122.31954,11.57
96006,41.13353,-120.84257,14.9
96007,40.4568,-122.3082,12.05
96008,40.72264,-122.10978,9.14
96009,41.05604,-121.0208,14.93
96010,40.95028,-123.23516,19.79
96011,41.0559,-121.89189,11.78
96013,40.97366,-121.6924,13.25
96014,41.38813,-122.78086,13.29
96015,41.51178,-120.87766,15.89
96016,40.89421,-121.50883,7.93
96017,41.10596,-122.31252,10.78
96019,40.68735,-122.39945,5.99
96020,40.30679,-121.26187,8.81
96021,39.92348,-122.27045,16.34
96022,40.33631,-122.44798,16.32
96023,41.90908,-121.97685,15.3
96024,40.54704,-122.88119,11.29
96025,41.20014,-122.31905,11.24
96027,41.38988,-123.23107,20.59
96028,41.00745,-121.45746,13.78
96029,39.9393,-122.48919,6.48
96031,41.17562,-123.19818,18.11
96032,41.58513,-122.97963,22.7
96033,40.74057,-122.59256,12.92
96034,41.44402,-122.60496,11.61
96035,40.04156,-122.18503,7.92
96037,41.54492,-122.92096,3.5
96038,41.6071,-122.54572,5.88
96039,41.66893,-123.37642,16.76
96040,40.78981,-121.47451,8.52
96041,40.5135,-123.19605,18.63
96044,41.93303,-122.67497,15.49
96046,40.61037,-123.4289,12.79
96047,40.47923,-122.69247,16.31
96048,40.83036,-123.02349,13.32
96050,41.85347,-122.95101,16.6
96051,40.91633,-122.31082,18.83
96052,40.68268,-122.78645,11.57
96054,41.26106,-121.11855,11.85
96055,40.09912,-121.99837,10.86
96056,41.06715,-121.31775,15.35
96057,41.27186,-121.9197,11.37
96058,41.72705,-121.90737,19.34
96059,40.43375,-121.82942,9.24
96061,40.34786,-121.48778,7.3
96062,40.5556,-122.09127,9.44
96063,40.37037,-121.60619,5.27
96064,41.7547,-122.36562,22.04
96065,40.89017,-121.95679,12.63
96067,41.31689,-122.31745,9.94
96068,41.10299,-121.19834,6.86
96069,40.68534,-122.01607,10.75
96071,40.69447,-121.45727,6.61
96073,40.5986,-122.19493,8.11
96074,39.86206,-122.59097,10.65
96075,40.36233,-121.87639,10.65
96076,40.39154,-122.93788,15.51
96078,40.08237,-122.17607,2.32
96080,40.16538,-122.44172,25.11
96084,40.79583,-121.86869,8.69
96085,41.74082,-123.07733,8.75
96086,41.92421,-123.26081,14.94
96087,40.63313,-122.58707,7.93
96088,40.51087,-121.87611,13.94
96090,40.00735,-122.11934,3.59
96091,41.04387,-122.80079,20.73
96092,39.97058,-121.9703,9.41
96093,40.76548,-122.94143,11.06
96094,41.51492,-122.35094,14.85
96096,40.63631,-121.8764,11.24
96097,41.75615,-122.65947,14.24
96101,41.45625,-120.51131,24.18
96103,39.78016,-120.67075,10.96
96104,41.46018,-120.12986,16.01
96105,39.68865,-120.144,16.47
96106,39.73548,-120.54386,6.26
96107,38.40828,-119.54807,10.88
96108,41.78719,-120.40177,14.43
96109,39.99418,-120.10171,15.28
96110,41.24192,-120.12463,11.86
96111,39.41501,-120.01713,3.98
96112,41.8925,-120.17194,12.26
96113,40.18808,-120.14568,6.24
96114,40.29261,-120.48861,9.35
96115,41.69147,-120.07932,11.61
96116,41.25729,-120.44601,14.06
96117,40.53346,-120.23536,18.35
96118,39.6396,-120.24714,13.86
96119,41.04042,-120.55356,12.48
96120,38.74244,-119.86938,15.66
96121,40.16439,-120.38004,7.23
96122,39.82074,-120.47627,9.27
96123,40.84574,-120.32222,18.65
96124,39.63879,-120.46794,8.62
96125,39.61356,-120.60238,10.75
96126,39.54973,-120.40358,6.87
96128,40.3489,-120.40602,6.32
96129,39.83512,-120.36005,11.78
96130,40.54905,-120.63403,22.3
96132,40.90007,-120.51388,12.03
96133,38.62096,-119.50518,5.28
96134,41.83537,-121.44499,18.48
96135,39.81298,-120.20928,7.36
96136,40.34623,-120.08132,12.93
96137,40.46932,-121.22987,12.83
96140,39.23202,-120.0964,4.92
96141,39.09893,-120.20523,6.88
96142,38.99863,-120.10388,5.63
96143,39.26058,-120.02629,4.76
96145,39.181,-120.1514,5.82
96146,39.2159,-120.24517,7.77
96148,39.24978,-120.05759,3.31
96150,38.87332,-120.06848,13.6
96155,38.76299,-120.08707,7.58
96161,39.34771,-120.22471,16.71
